filename,text
imagen_1.jpg,30
imagen_10.jpg,5:13 #BlackBerry SAT MAR 28 Messages 4CLEDGE Calendar 8:30p Earth hour Global 03/29 God's house CITS Call Log Applications 94 OP AS OF ALT CV SYM GTH 32 OF SPACEG JK 9 DEL M 444 T-Mobile
imagen_11.jpg,12 3
imagen_12.jpg,card stock 3 pieces 13 grams construction paper 2 pieces 6 grams fabric 32 77 grams 
imagen_13.jpg,wostok
imagen_14.jpg,guy
imagen_15.jpg,police murder yjo3 nng CRIMESTOPPERS 0800 555 111
imagen_16.jpg,Saddle Ridge Hoard
imagen_17.jpg,MARQUETTE AND JOLLIET TERCENTENNAL 1673-1973
imagen_18.jpg,UESS
imagen_19.jpg,DENVER HEALTH Who Invited Syiis To The Party? 303.436.414 get testes 
imagen_2.jpg,igg
imagen_20.jpg,EATON
imagen_3.jpg,#54 KeyBank dave sizer|PHOTOGRAPHY
imagen_4.jpg,1 2 3 4 5 6 7 8 9 10 11 12
imagen_5.jpg,FEATHERS UAE 101117 SUN MON TUE WED THU FEATHERS FRI SAT 22 ALFARIS Watch By The First Emirati brand Named to mark the historic victory of the horseman HH Sheikh Hamdan Bin Mohammed bin Rashid Al Maktoum Crown Prince of Dubai at the World Equestrian Endurance Championship 2014 in France. WWW.FEATHERS-FASHION.COM Mall of Emirates | Dubai Festival City | Mirdif City Centre | Dalma Mall Tel: +971 2 5507556 / +971 4 2854090 @FeathersFashion
imagen_6.jpg,.
imagen_7.jpg,11 19:18 19:18 Tue 30 Jun 19°c Riga It will rain until night. Big changes in temperatures for the day. Google Google E-mail Play Store Camera Management ব LG
imagen_8.jpg,NOKIA information splits insight ma details duration 00:46:19 hh:mm:ss distance 7.359 Km Calories 564 cal heart rate 150 bpm save edit delete ↓ resend to Runkeeper Caledos Runner 2.5
imagen_9.jpg,C062 KKKK GUARDIA CIVIL TRAFICO
